{"http://rogerking.me/wp-content/uploads/2012/03/DatabaseSystemsPaper.pdf": {"palabras": "", "ranking": "1", "ruta": "pags_html/pag_DatabaseSystemsPaper.pdf.html", "enlaces": []}, "http://mike2.openmethodology.org/wiki/Big_Data_Definition": {"palabras": "", "ranking": "1", "ruta": "pags_html/pag_Big_Data_Definition.html", "enlaces": ["http://mike2.openmethodology.org/wiki/Special:UpdateProfile?section=community_expertise", "http://waterloo.openmethodology.org/trac/omcollab/newticket", "http://www.addtoany.com/share_save?linkurl=http%3A%2F%2Fmike2.openmethodology.org%2Fwiki%2FBig_Data_Definition&linkname=Big%20Data%20Definition", "http://mike2.openmethodology.org/wiki/Big_Data_Definition", "http://mike2.openmethodology.org/wiki/OmCollab", "http://www.facebook.com/sharer.php?u=http%3A%2F%2Fmike2.openmethodology.org", "http://twitter.com/home/?status=http%3A%2F%2Fmike2.openmethodology.org", "http://www.linkedin.com/shareArticle?mini=true&url=http%3A%2F%2Fmike2.openmethodology.org&title=MIKE2+Methodology", "http://delicious.com/post?url=http%3A%2F%2Fmike2.openmethodology.org&title=MIKE2+Methodology", "http://digg.com/submit?url=http%3A%2F%2Fmike2.openmethodology.org&title=MIKE2+Methodology", "http://www.stumbleupon.com/submit?url=http%3A%2F%2Fmike2.openmethodology.org&title=MIKE2+Methodology", "http://mike2.openmethodology.org/blogs/information-development/feed"]}, "http://www.nature.com/nature/journal/v455/n7209/full/455001a.html": {"palabras": "", "ranking": "1", "ruta": "pags_html/pag_455001a.html.html", "enlaces": ["http://www.nature.com/myaccount/", "http://mts-nature.nature.com/cgi-bin/main.plex", "http://www.nature.com/register/", "https://secure.nature.com/subscribe/nature", "http://www.nature.com/doifinder/10.1038/455001a", "http://www.nature.com/doifinder/10.1038/455008a", "http://www.nature.com/doifinder/10.1038/455015a", "http://www.nature.com/doifinder/10.1038/455016a", "http://www.nature.com/doifinder/10.1038/455022a", "http://www.nature.com/doifinder/10.1038/455028a", "http://www.nature.com/doifinder/10.1038/455030a", "http://www.nature.com/doifinder/10.1038/455036a", "http://www.nature.com/doifinder/10.1038/455047a", "http://www.nature.com/news/specials/bigdata/", "http://npg.nature.com/media/nature/index.html", "http://npg.nature.com/media/nature/index.html", "http://network.nature.com/", "https://secure.nature.com/store/svc/campaign?prod=NATURE&text=NA1001EF000", "http://www.readcube.com/articles/10.1038/455001a", "http://www.scopus.com/scopus/openurl/citedby.url?id=doi:10.1038/455001a&sid=http://www.nature.com//nature/journal/v455/n7209/455001a", "https://s100.copyright.com/AppDispatchServlet?publisherName=NPG&publication=Nature&title=Community cleverness required&author=&contentID=10.1038/455001a&publicationDate=09/03/2008&volumeNum=455&issueNum=7209&numPages=1&pageNumbers=pp1", "http://www.nature.com/naturejobs/science/jobs/609483-professor-and-faculty-positions-at-the-academy-of-medical-sciences-ams-zhengzhou-university", "http://www.nature.com/naturejobs/science/jobs/602685-associate-editor-senior-editor-roles-nature-research-talent-pool-2017", "http://www.natureasia.com/"]}, "http://www.eldiario.es/turing/Big-data_0_161334397.html": {"palabras": "", "ranking": "1", "ruta": "pags_html/pag_Big-data_0_161334397.html.html", "enlaces": ["https://seguro.eldiario.es/regala/", "https://eldiarioeshelp.zendesk.com/", "https://seguro.eldiario.es/usuarios/login.html", "http://www.eldiario.es/hazte_socio/", "https://www.facebook.com/eldiarioes/", "https://twitter.com/eldiarioes", "https://t.me/eldiarioes", "http://eldiario.us6.list-manage.com/subscribe?u=c69ba1ef3f044e29f01e39064&id=10e11ebad6", "http://www.eldiario.es/politica/", "http://www.eldiario.es/sociedad/", "http://www.eldiario.es/economia/", "http://www.eldiario.es/theguardian/", "http://www.eldiario.es/cultura/", "http://www.eldiario.es/desalambre/", "http://www.eldiario.es/nidos/", "http://www.eldiario.es/consumoclaro/", "http://www.eldiario.es/edcreativo/viajes/", "http://www.eldiario.es/edcreativo/motor/", "http://comparador.eldiario.es/?utm_source=eldiario.es&utm_medium=display&utm_content=Comparador_Seguros&utm_campaign=whitelabels&ckggl=AMsySZbppSIILWxMbgGr0qrt-hx0&dclid=CNfV0LeX-dMCFVMg0wodkbgCZQ&_ga=2.149798079.843797962.1496652453-1769006915.1484733912", "http://www.eldiario.es/focos/", "http://www.eldiario.es/zonacritica/", "http://www.eldiario.es/escolar/", "http://www.eldiario.es/tribunaabierta/", "http://www.eldiario.es/piedrasdepapel/", "http://www.guerraeterna.com/", "http://www.eldiario.es/micromachismos/", "http://www.eldiario.es/caballodenietzsche/", "http://www.eldiario.es/tumejoryo/", "http://www.eldiario.es/retrones/", "http://www.eldiario.es/interferencias/", "http://www.eldiario.es/opinion/", "http://www.eldiario.es/andalucia/", "http://www.eldiario.es/aragon/", "http://www.eldiario.es/clm/", "http://www.eldiario.es/catalunya/", "http://www.eldiario.es/canariasahora/", "http://www.eldiario.es/norte/cantabria/", "http://www.eldiario.es/cv/", "http://www.eldiario.es/norte/", "http://www.eldiario.es/eldiarioex/", "http://www.eldiario.es/galicia/", "http://www.eldiario.es/madrid/", "http://www.eldiario.es/murcia/", "http://www.eldiario.es/norte/navarra/", "http://vertele.eldiario.es/", "https://www.timeout.es/index.html", "http://www.yorokobu.es/", "http://www.eldiario.es/hojaderouter/", "http://www.eldiario.es/carnecruda/", "http://www.eldiario.es/kinotico/", "http://kiosko.net/", "http://eldiariodelaeducacion.com/", "http://www.caninomag.es/", "http://graffica.info/", "http://www.revistadon.com/", "https://www.esglobal.org/", "http://www.eldiario.es/campobase/", "http://www.eldiario.es/que_es/", "http://www.eldiario.es/el_equipo/", "http://www.eldiario.es/hazte_socio/", "http://www.eldiario.es/cuadernos/", "http://www.eldiario.es/pistas", "https://seguro.eldiario.es/regala/", "http://www.eldiario.es/socios/", "http://www.eldiario.es/responde/", "http://www.eldiario.es/juegoreviews/", "http://hemerotek.com/", "http://www.eldiario.es/hojaderouter/", "http://www.eldiario.es/catalunya/politica/MINUTO-Diada_13_685361458.html", "http://twitter.com/marilink", "https://www.facebook.com/sharer/sharer.php?u=http://www.eldiario.es/turing/Big-data_0_161334397.html", "https://twitter.com/share?url=http%3A%2F%2Fwww.eldiario.es%2F_99dc47d&text=%22Los+datos+masivos+%28o+big+data%29+son+el+nuevo+oro%22&via=eldiarioes", "http://www.eldiario.es/turing/entrevista-educacion_0_156434379.html", "http://books.google.es/books/about/Big_Data.html?id=HpHcGAkFEjkC&redir_esc=y", "http://www.pricestats.com/", "http://www.google.org/flutrends/es/", "http://www.forbes.com/sites/adamtanner/2013/06/19/theres-a-billion-reasons-not-to-give-stores-your-zip-code-ever/", "https://seguro.eldiario.es/socios/alta.html", "https://www.facebook.com/sharer/sharer.php?u=http://www.eldiario.es/turing/Big-data_0_161334397.html", "https://twitter.com/share?url=http%3A%2F%2Fwww.eldiario.es%2F_99dc47d&text=%22Los+datos+masivos+%28o+big+data%29+son+el+nuevo+oro%22&via=eldiarioes", "http://meneame.net/submit.php?url=http://www.eldiario.es/turing/Big-data_0_161334397.html", "https://seguro.eldiario.es/socios/alta.html", "https://play.google.com/store/apps/details?id=es.eldiario.app", "https://itunes.apple.com/us/app/eldiario.es/id1119554082?l=es&ls=1&mt=8", "https://www.facebook.com/eldiarioes", "https://twitter.com/eldiarioes", "https://t.me/eldiarioes", "https://www.youtube.com/user/eldiarioes", "http://www.eldiario.es/Feeds.html", "http://www.eldiario.es/hazte_socio/", "http://www.eldiario.es/responde/Alguna-pregunta-eldiarioes-responde_6_586251400.html"]}, "http://www.theclinic.cl/2017/01/19/martin-hilbert-experto-redes-digitales-obama-trump-usaron-big-data-lavar-cerebros/": {"palabras": "", "ranking": "1", "ruta": "pags_html/pag_.html", "enlaces": ["http://www.theclinic.cl/sobre-the-clinic-online/", "http://www.theclinic.cl/contacto/", "http://www.facebook.com/thecliniconline", "http://twitter.com/#!/thecliniccl", "http://www.flickr.com/photos/thecliniccl/", "http://www.theclinic.cl/feed/", "http://www.bartheclinic.cl/", "http://www.theclinic.cl", "http://www.theclinic.cl/", "http://www.theclinic.cl/poder/", "http://www.theclinic.cl/chilean-news/", "http://www.theclinic.cl/webeo/", "http://www.theclinic.cl/columnas-y-entrevistas/", "http://www.theclinic.cl/la-calle/", "http://www.theclinic.cl/mundo-al-instante/", "http://www.theclinic.cl/verde/", "http://www.theclinic.cl/deportes/", "http://www.theclinic.cl/cultura/", "http://www.theclinic.cl/la-carne/", "http://www.theclinic.cl/juegos/", "http://www.theclinic.cl/portadas/", "http://www.theclinic.cl/around-the-world/", "http://www.theclinic.cl/fotos/", "http://www.theclinic.cl/thc-videos/", "http://www.theclinic.cl", "http://www.theclinic.cl/etiqueta/big-data/", "http://www.theclinic.cl/etiqueta/estados-unidos/", "http://www.theclinic.cl/etiqueta/martin-hilbert/", "http://www.theclinic.cl/etiqueta/obama/", "http://www.theclinic.cl/etiqueta/redes-digitales/", "http://www.theclinic.cl/etiqueta/trump/", "https://www.facebook.com/sharer/sharer.php?u=http%3A%2F%2Fwww.theclinic.cl%2F2017%2F01%2F19%2Fmartin-hilbert-experto-redes-digitales-obama-trump-usaron-big-data-lavar-cerebros%2F&t=Martin+Hilbert%2C+experto+en+redes+digitales%3A+%22Obama+y+Trump+usaron+el+Big+Data+para+lavar+cerebros%22", "https://twitter.com/intent/tweet?text=Martin Hilbert, experto en redes digitales: \u201cObama y Trump usaron el Big Data para lavar cerebros\u201d - http%3A%2F%2Fwww.theclinic.cl%2F2017%2F01%2F19%2Fmartin-hilbert-experto-redes-digitales-obama-trump-usaron-big-data-lavar-cerebros%2F&source=webclient", "https://www.facebook.com/sharer/sharer.php?u=http%3A%2F%2Fwww.theclinic.cl%2F2017%2F01%2F19%2Fmartin-hilbert-experto-redes-digitales-obama-trump-usaron-big-data-lavar-cerebros%2F&t=Martin+Hilbert%2C+experto+en+redes+digitales%3A+%22Obama+y+Trump+usaron+el+Big+Data+para+lavar+cerebros%22", "https://twitter.com/intent/tweet?text=Martin Hilbert, experto en redes digitales: \u201cObama y Trump usaron el Big Data para lavar cerebros\u201d - http%3A%2F%2Fwww.theclinic.cl%2F2017%2F01%2F19%2Fmartin-hilbert-experto-redes-digitales-obama-trump-usaron-big-data-lavar-cerebros%2F&source=webclient", "http://www.theclinic.cl/2017/01/17/michael-moore-convoca-a-una-funa-masiva-contra-donald-trump-para-el-dia-en-que-asuma-como-presidente/", "http://www.theclinic.cl/2017/01/16/la-reaccion-de-la-otan-luego-de-que-donald-trump-la-calificara-como-obsoleta/", "http://www.theclinic.cl/2017/01/15/pedro-pascal-actor-de-game-of-thrones-y-narcos-pinochet-es-el-villano-de-nuestra-historia-un-trump/", "http://www.theclinic.cl/2017/01/17/independentista-puertorriqueno-recibe-perdon-obama-tras-35-anos-prision/", "http://www.theclinic.cl/2017/01/19/columna-paula-recart-la-post-verdad-la-meta-mentira/", "http://www.theclinic.cl/2017/01/19/columna-paula-recart-la-post-verdad-la-meta-mentira/", "http://www.theclinic.cl/2017/01/19/columna-paula-recart-la-post-verdad-la-meta-mentira/#commentsSection", "http://www.theclinic.cl/2017/10/09/alejandra-matus-pinochet-percibio-sistema-las-afp-iba-perjudicial-los-trabajadores/", "http://www.theclinic.cl/2017/10/09/alejandra-matus-pinochet-percibio-sistema-las-afp-iba-perjudicial-los-trabajadores/", "http://www.theclinic.cl/2017/10/09/alejandra-matus-pinochet-percibio-sistema-las-afp-iba-perjudicial-los-trabajadores/#commentsSection", "http://www.theclinic.cl/2017/10/05/mauricio-duce-presidente-espacio-publico-creacion-chile-check-esperamos-los-candidatos-basen-afirmaciones-evidencia-no-prejuicios/", "http://www.theclinic.cl/2017/10/05/mauricio-duce-presidente-espacio-publico-creacion-chile-check-esperamos-los-candidatos-basen-afirmaciones-evidencia-no-prejuicios/", "http://www.theclinic.cl/2017/10/05/mauricio-duce-presidente-espacio-publico-creacion-chile-check-esperamos-los-candidatos-basen-afirmaciones-evidencia-no-prejuicios/#commentsSection", "http://www.theclinic.cl/2017/10/10/gonzalo-iturra-guionista-fanatico-playboy-no-entiendo-las-minas-no-miran-hugh-hefner-aliado/", "http://www.theclinic.cl/2017/10/10/gonzalo-iturra-guionista-fanatico-playboy-no-entiendo-las-minas-no-miran-hugh-hefner-aliado/", "http://www.theclinic.cl/2017/10/10/gonzalo-iturra-guionista-fanatico-playboy-no-entiendo-las-minas-no-miran-hugh-hefner-aliado/#commentsSection", "http://www.theclinic.cl/2017/09/24/andres-couve-cientifico-gobierno-quiere-sacar-ministerio-beneficios-politicos-no-una-real-conviccion-fortalecer-la-ciencia/", "http://www.theclinic.cl/2017/09/24/andres-couve-cientifico-gobierno-quiere-sacar-ministerio-beneficios-politicos-no-una-real-conviccion-fortalecer-la-ciencia/", "http://www.theclinic.cl/2017/09/24/andres-couve-cientifico-gobierno-quiere-sacar-ministerio-beneficios-politicos-no-una-real-conviccion-fortalecer-la-ciencia/#commentsSection", "http://www.theclinic.cl/2017/10/11/gegerardo-scheel-padre-de-nicolas-el-estudiante-de-la-alianza-francesa-que-se-suicido-creo-que-sufrio-una-humillacion-insoportable/", "http://www.theclinic.cl/2017/10/11/gegerardo-scheel-padre-de-nicolas-el-estudiante-de-la-alianza-francesa-que-se-suicido-creo-que-sufrio-una-humillacion-insoportable/", "http://www.theclinic.cl/2017/10/11/gegerardo-scheel-padre-de-nicolas-el-estudiante-de-la-alianza-francesa-que-se-suicido-creo-que-sufrio-una-humillacion-insoportable/#commentsSection", "http://www.theclinic.cl/2017/10/06/maria-eugenia-lorenzini-al-frente-amplio-le-falta-feminismo/", "http://www.theclinic.cl/2017/10/06/maria-eugenia-lorenzini-al-frente-amplio-le-falta-feminismo/", "http://www.theclinic.cl/2017/10/06/maria-eugenia-lorenzini-al-frente-amplio-le-falta-feminismo/#commentsSection", "http://www.theclinic.cl/", "http://www.theclinic.cl/poder/", "http://www.theclinic.cl/chilean-news/", "http://www.theclinic.cl/webeo/", "http://www.theclinic.cl/columnas-y-entrevistas/", "http://www.theclinic.cl/la-calle/", "http://www.theclinic.cl/mundo-al-instante/", "http://www.theclinic.cl/verde/", "http://www.theclinic.cl/cultura/", "http://www.theclinic.cl", "http://es.creativecommons.org/licencia/", "http://www.theclinic.cl/sobre-the-clinic-online/", "http://www.theclinic.cl/privacidad/", "http://www.facebook.com/thecliniconline", "http://twitter.com/#!/thecliniccl", "http://www.flickr.com/photos/thecliniccl/", "http://www.theclinic.cl/feed/", "http://www.theclinic.cl/bar/", "http://www.theclinic.cl/colabora/"]}, "http://science.sciencemag.org/content/332/6025/60": {"palabras": "", "ranking": "1", "ruta": "pags_html/pag_60.html", "enlaces": ["http://www.sciencemag.org/", "http://www.sciencemag.org/news", "http://www.sciencemag.org/journals", "http://www.sciencemag.org/topics", "http://www.sciencemag.org/careers", "http://www.sciencemag.org/subscribe/my-account", "http://www.sciencemag.org/about/contact-us", "http://promo.aaas.org/scienceneedsadvocates?intcmp=sciencemag-becomeamember-octoberjoinstart&DMC=P7A4O1", "https://pubs.aaas.org/MembershipRenewal/new_ren_setup_rd.asp", "http://www.sciencemag.org/subscribe/get-our-newsletters", "http://aaas.org/", "https://www.facebook.com/ScienceMagazine", "https://twitter.com/sciencemagazine", "https://plus.google.com/104077269810469435941/posts", "http://www.sciencemag.org/about/email-alerts-and-rss-feeds", "http://www.sciencemag.org/authors/contributing-science-family-journals", "https://www.aaas.org/membercentral", "http://www.sciencemag.org/librarian", "http://www.sciencemag.org/advertisers", "http://www.sciencemag.org/", "http://www.sciencemag.org/videos", "http://www.sciencemag.org/podcasts", "http://www.sciencemag.org/slideshow", "http://www.sciencemag.org/projects/dance-your-phd", "http://www.sciencemag.org/projects/data-stories", "http://www.sciencemag.org/news", "http://www.sciencemag.org/news/latest-news", "http://www.sciencemag.org/news/scienceinsider", "http://www.sciencemag.org/news/scienceshots", "http://www.sciencemag.org/news/sifter", "http://www.sciencemag.org/news/about-news-science", "http://www.sciencemag.org/news/quiz", "http://www.sciencemag.org/journals", "http://advances.sciencemag.org/", "http://immunology.sciencemag.org/", "http://robotics.sciencemag.org", "http://stke.sciencemag.org/", "http://stm.sciencemag.org/", "http://www.sciencemag.org/topics", "http://www.sciencemag.org/topics", "http://www.sciencemag.org/journals/science-special-issues", "http://www.sciencemag.org/custom-publishing", "http://www.sciencemag.org/careers", "http://www.sciencemag.org/careers/articles", "http://jobs.sciencecareers.org/", "http://www.sciencemag.org/careers/career-resources", "http://scforum.sciencecareers.org/", "http://www.sciencemag.org/careers/for-employers", "http://www.sciencemag.org/careers/employers", "http://www.sciencemag.org/careers/graduate-programs", "http://www.sciencemag.org/careers/booklets", "http://www.sciencemag.org/careers/articles-custom-publishing", "https://advertising.sciencemag.org/science-careers/", "http://www.facebook.com/sharer/sharer.php?u=http://science.sciencemag.org/content/332/6025/60", "https://twitter.com/share?url=http://science.sciencemag.org/content/332/6025/60&text=The World\u2019s Technological Capacity to Store, Communicate, and Compute Information", "https://plus.google.com/share?url=http://science.sciencemag.org/content/332/6025/60", "https://signin.aaas.org/oxauth/seam/resource/restv1/oxauth/authorize?response_type=code&client_id=%40%21DF52.8A2B.1610.1D59%210001%21F186.A7D4%210008%21AB98.2411&redirect_uri=http%3A%2F%2Fclassic.sciencemag.org%2Foauth2%2Fcode%2F&scope=openid+org.aaas&state=http%3A%2F%2Fscience.sciencemag.org%2Fcontent%2F332%2F6025%2F60%3Fsso%3D1%26sso_redirect_count%3D1", "https://pubs.aaas.org/Promo/promo_setup_rd.asp?dmc=P0RFA1", "https://pubs.aaas.org/Promo/promo_setup_rd.asp?dmc=P0RFB1", "http://www.aaas.org/membercentral/join-aaas?dmc=P1XTZ", "http://www.sciencemag.org/site/subscriptions/recommend_sub.xhtml?ccode=PPW", "http://www.sciencemag.org/site/help/librarians", "https://backissues.sciencemag.org", "http://science.sciencemag.org/content/332/6025/60.full", "http://www.sciencemag.org/", "http://www.citeulike.org/posturl?url=http%3A//science.sciencemag.org/content/332/6025/60&title=The%20World%E2%80%99s%20Technological%20Capacity%20to%20Store%2C%20Communicate%2C%20and%20Compute%20Information", "http://www.connotea.org/add?uri=http%3A//science.sciencemag.org/content/332/6025/60&title=The%20World%E2%80%99s%20Technological%20Capacity%20to%20Store%2C%20Communicate%2C%20and%20Compute%20Information", "http://del.icio.us/post?url=http%3A//science.sciencemag.org/content/332/6025/60&title=The%20World%E2%80%99s%20Technological%20Capacity%20to%20Store%2C%20Communicate%2C%20and%20Compute%20Information", "http://digg.com/submit?phase=2&url=http%3A//science.sciencemag.org/content/332/6025/60&title=The%20World%E2%80%99s%20Technological%20Capacity%20to%20Store%2C%20Communicate%2C%20and%20Compute%20Information", "http://www.facebook.com/sharer.php?u=http%3A//science.sciencemag.org/content/332/6025/60&t=The%20World%E2%80%99s%20Technological%20Capacity%20to%20Store%2C%20Communicate%2C%20and%20Compute%20Information", "http://www.google.com/bookmarks/mark?op=add&bkmk=http%3A//science.sciencemag.org/content/332/6025/60&title=The%20World%E2%80%99s%20Technological%20Capacity%20to%20Store%2C%20Communicate%2C%20and%20Compute%20Information", "http://www.mendeley.com/import/?url=http%3A//science.sciencemag.org/content/332/6025/60&title=The%20World%E2%80%99s%20Technological%20Capacity%20to%20Store%2C%20Communicate%2C%20and%20Compute%20Information", "http://reddit.com/submit?url=http%3A//science.sciencemag.org/content/332/6025/60&title=The%20World%E2%80%99s%20Technological%20Capacity%20to%20Store%2C%20Communicate%2C%20and%20Compute%20Information", "http://twitter.com/share?url=http%3A//science.sciencemag.org/content/332/6025/60&text=The%20World%E2%80%99s%20Technological%20Capacity%20to%20Store%2C%20Communicate%2C%20and%20Compute%20Information", "http://jobs.sciencecareers.org/jobs/computers,-mathematics", "https://pubs.aaas.org/Promo/promo_setup_rd.asp?dmc=P5XPZ", "https://pubs.aaas.org/Promo/promo_setup_rd.asp?dmc=P5XPZ", "http://science.sciencemag.org/content/358/6362", "http://www.sciencemag.org/about/about-us", "http://www.sciencemag.org/journals/", "http://www.sciencemag.org/about/leadership", "http://www.sciencemag.org/about/team-members", "http://www.aaas.org/page/employment-aaas", "https://advertising.sciencemag.org/", "https://advertising.sciencemag.org/", "http://www.sciencemag.org/custom-publishing", "http://www.sciencemag.org/subscribers", "http://www.sciencemag.org/librarian", "http://www.sciencemag.org/members", "http://www.sciencemag.org/about/international-versions", "http://www.sciencemagchina.cn/", "http://www.sciencemag.jp/", "http://www.sciencemag.org/help", "http://www.sciencemag.org/subscriptions", "https://backissues.sciencemag.org/", "http://www.sciencemag.org/help/reprints-and-permissions", "http://www.sciencemag.org/about/contact-us", "http://www.sciencemag.org/about/accessibility", "http://www.sciencemag.org/about/email-alerts-and-rss-feeds", "https://www.facebook.com/ScienceMagazine", "https://twitter.com/sciencemagazine", "https://plus.google.com/104077269810469435941/posts", "http://www.sciencemag.org/about/email-alerts-and-rss-feeds", "http://sciencemag.org", "http://www.aaas.org/", "http://www.who.int/hinari/en/", "http://www.aginternetwork.org/en/", "http://www.unep.org/oare/", "http://www.patientinform.org/", "http://www.chorusaccess.org", "http://www.clockss.org", "http://www.crossref.org/", "http://www.projectcounter.org/", "http://www.sciencemag.org/about/terms-service", "http://www.sciencemag.org/about/privacy-policy", "http://www.sciencemag.org/about/contact-us"]}, "https://www.mckinsey.com/business-functions/digital-mckinsey/our-insights/big-data-the-next-frontier-for-innovation": {"palabras": "", "ranking": "1", "ruta": "pags_html/pag_big-data-the-next-frontier-for-innovation.html", "enlaces": ["https://www.mckinsey.com/user-registration/signin", "https://www.mckinsey.com/user-registration/forgot-password", "https://www.mckinsey.com/user-registration/register", "https://www.mckinsey.com/user-registration/register", "https://www.linkedin.com/company/mckinsey-&-company", "https://twitter.com/McKinsey", "https://www.facebook.com/mckinsey", "https://www.youtube.com/mckinsey", "https://www.mckinsey.com/Insights/rss.aspx", "https://itunes.apple.com/us/app/id674902075?mt=8", "https://play.google.com/store/apps/details?id=com.mckinsey.mckinseyinsights"]}, "http://www.fundeu.es/recomendacion/macrodatosalternativa-abig-data-1582/": {"palabras": "", "ranking": "1", "ruta": "pags_html/pag_.html", "enlaces": ["http://www.fundeu.es", "http://www.fundeu.es", "http://www.facebook.com/fundeu", "http://www.twitter.com/fundeu", "https://plus.google.com/108243596952318544013/about", "http://www.youtube.com/user/Fundeu", "http://pinterest.com/fundeu/", "https://instagram.com/fundeubbva/", "http://www.fundeu.es/feed/", "http://www.efe.com/", "http://www.bbva.com", "http://www.prodigiosovolcan.com", "http://www.rae.es/", "http://www.fundeu.es/dudas/", "http://www.fundeu.es/consultas/", "http://www.fundeu.es/categorias/", "http://www.fundeu.es/especiales/", "http://www.fundeu.es/escribireninternet/", "http://www.fundeu.es/noticias/", "http://www.fundeu.es/sobre-fundeu/quienes-somos/", "http://www.fundeu.es?s", "http://www.fundeu.es/politica-de-privacidad/", "https://twitter.com/intent/tweet?url=http%3A%2F%2Fwww.fundeu.es%2F%3Fp%3D33099&via=Fundeu&text=macrodatos+e+inteligencia+de+datos%2C+alternativas+a+big+data", "http://www.facebook.com/sharer.php?u=http%3A%2F%2Fwww.fundeu.es%2Frecomendacion%2Fmacrodatosalternativa-abig-data-1582%2F", "https://plus.google.com/share?url=http%3A%2F%2Fwww.fundeu.es%2Frecomendacion%2Fmacrodatosalternativa-abig-data-1582%2F", "http://www.meneame.net/submit.php?url=http%3A%2F%2Fwww.fundeu.es%2Frecomendacion%2Fmacrodatosalternativa-abig-data-1582%2F", "http://www.fundeu.es/recomendacion/macrodatosalternativa-abig-data-1582/email/\n", "http://www.fundeu.es/dudas/", "http://www.fundeu.es/recomendacion/retirada-gradual-de-estimulos-mejor-que-tapering/", "http://www.fundeu.es/recomendacion/sentemonos-sentemosnos-presente-subjuntivo-y-pronombre-nos/", "http://www.fundeu.es/recomendacion/unidades-fisicas-claves-de-redaccion/", "http://www.fundeu.es/recomendacion/bumeranbumeran/", "http://www.fundeu.es/recomendacion/apocalipsis-mejor-que-armagedon/", "http://www.fundeu.es/recomendacion/las-pasos-paso-primarias-argentina/", "http://www.fundeu.es/recomendacion/lacrimogeno-lagrimogeno/", "http://www.fundeu.es/recomendacion/antiopa-contraopa-opa/", "http://www.fundeu.es/recomendacion/mucha-mas-libertad-no-mucho-mas-libertad/", "http://www.fundeu.es/recomendacion/al-raqa-rakka-raqqa-siria-nicefora/", "http://www.fundeu.es/recomendacion/garimpeiro-no-necesita-comillas-ni-cursiva/", "http://www.fundeu.es/recomendacion/incendios-forestales-claves-para-una-buena-redaccion/", "http://www.fundeu.es/recomendacion/entreno-y-entrenamiento/", "http://www.fundeu.es/recomendacion/cebismo-alternativa-a-feederism/", "http://www.fundeu.es/recomendacion/declinar-es-rechazar-467/", "http://www.fundeu.es/recomendacion/acicate-alternativa-a-nudge/", "http://www.fundeu.es/recomendacion/che-sin-tilde/", "http://www.fundeu.es/recomendacion/deber-de-infinitivo-obligacion-suposicion/", "http://www.fundeu.es/recomendacion/campana-internacional-para-abolir-las-armas-nucleares/", "http://www.fundeu.es/recomendacion/prohibe-con-tilde-en-la-i-no-prohibe/", "http://www.fundeu.es/recomendacion/agotado-alternativa-a-sold-out/", "http://www.fundeu.es/recomendacion/artefacto-no-es-sinonimo-de-objeto/", "http://www.fundeu.es/recomendacion/onda-gravitatoria-y-onda-gravitacional-formas-validas/", "http://www.fundeu.es/recomendacion/sexdopaje-chemsex-sexo-quimico/", "http://www.fundeu.es/recomendacion/grasas-trans-no-necesita-comillas-ni-cursiva/", "http://www.fundeu.es/recomendacion/las-leyes-son-iguales-para-todos/", "http://www.fundeu.es/recomendacion/noticia-falsa-falseada-fake-news/", "http://www.fundeu.es/recomendacion/inhumano-no-es-lo-mismo-que-sobrehumano-2/", "http://www.fundeu.es/recomendacion/hacer-el-dia-calco-innecesario/", "http://www.fundeu.es/recomendacion/lograr-obtener-alcanzar-conseguir-resultado/", "http://www.fundeu.es/recomendacion/pelicula-de-carretera-road-movie/", "http://www.fundeu.es/recomendacion/recontra-re-rete-requete-requetecontra-prefijo/", "http://www.fundeu.es/recomendacion/habeas-corpus-en-cursiva-y-sin-tilde/", "http://www.fundeu.es/recomendacion/ruainga-rohinya-mejor-que-rohingya/", "http://www.fundeu.es/recomendacion/caras-nuevas-mejor-que-new-faces/", "http://www.fundeu.es/recomendacion/triatlon-juegos-olimpicos/", "http://www.fundeu.es/recomendacion/salon-internacional-del-automovil-de-ginebra-claves-para-una-buena-redaccion/", "http://www.fundeu.es/recomendacion/capa-de-ozono-en-minuscula/", "http://www.fundeu.es/recomendacion/bifidus-bifido-bifidobacterium/", "http://www.fundeu.es/recomendacion/los-numeros-uno-los-numero-uno-unos/", "http://www.fundeu.es/recomendacion/terremotos-algunas-claves-para-una-redaccion-mas-precisa-1525/", "http://www.fundeu.es/recomendacion/numero-ordinales-claves-de-escritura/", "http://www.fundeu.es/recomendacion/talante/", "http://www.fundeu.es/recomendacion/acontecemos-uso-inapropiado/", "http://www.fundeu.es/recomendacion/sonadores-mejor-que-dreamers/", "http://www.fundeu.es/recomendacion/la-alero-y-la-alera-ala-pivot-baloncesto/", "http://www.fundeu.es/recomendacion/destripe-en-vez-de-spoiler/", "http://www.fundeu.es/recomendacion/a-quemarropa-quema-ropa-quemaropa-bocajarro-boca-jarro/", "http://www.fundeu.es/dudas", "http://www.fundeu.es/san-millan/", "http://fundeu.do/", "http://www.fundeu.es/el-juego-de-las-verdades-y-mentiras-del-espanol/", "https://www.facebook.com/fundeu", "https://twitter.com/Fundeu", "http://www.fundeu.es/mapa-del-sitio/", "http://www.fundeu.es/politica-de-privacidad/", "http://www.fundeu.es/aviso-legal/", "http://www.fundeu.es/politica-de-privacidad/", "http://creativecommons.org/licenses/by-sa/3.0/deed.es_ES", "http://creativecommons.org/licenses/by-sa/3.0/deed.es_ES", "http://www.fundeu.es/politica-de-cookies/"]}, "https://es.wikipedia.org/wiki/Big_data": {"palabras": "", "ranking": "1", "ruta": "pags_html/pag_Big_data.html", "enlaces": ["http://www.research.ibm.com/visual/projects/chromogram.html", "https://www.google.org/flutrends/es", "http://www.fundeu.es/recomendacion/macrodatosalternativa-abig-data-1582/", "http://www.eldiario.es/turing/Big-data_0_161334397.html", "http://blogs.zdnet.com/virtualization/?p=1708", "http://bits.blogs.nytimes.com/2010/04/22/start-up-goes-after-big-data-with-hadoop-helper/?dbk", "http://www.economist.com/specialreports/displaystory.cfm?story_id=15557443", "http://www.theclinic.cl/2017/01/19/martin-hilbert-experto-redes-digitales-obama-trump-usaron-big-data-lavar-cerebros/", "http://www.nature.com/nature/journal/v455/n7209/full/455001a.html", "https://web.archive.org/web/20110511011635/http://www.hpcprojects.com/news/news_story.php?news_id=922", "http://www.hpcprojects.com/news/news_story.php?news_id=922", "http://gigaom.com/2008/11/09/mapreduce-leads-the-way-for-parallel-programming/", "http://www.sciencemag.org/content/332/6025/60", "http://www-01.ibm.com/software/data/bigdata/", "http://mike2.openmethodology.org/wiki/Big_Data_Definition", "http://blogs.gartner.com/doug-laney/files/2012/01/ad949-3D-Data-Management-Controlling-Data-Volume-Velocity-and-Variety.pdf", "http://www.gartner.com/it/page.jsp?id=1731916", "http://bucserver01.unican.es/xmlui/bitstream/handle/10902/4528/TFM%20-%20David%20L%C3%B3pez%20Garc%C3%ADaS.pdf?sequence=1", "http://vbn.aau.dk/files/18915819/dbtr-25.pdf", "http://sedici.unlp.edu.ar/handle/10915/27121", "http://rogerking.me/wp-content/uploads/2012/03/DatabaseSystemsPaper.pdf", "http://d2tyy2n2j2cu1h.cloudfront.net/assets/papers/Ultra_Large_Sites_SS09-Seeger_Key_Value_Stores.pdf", "http://upcommons.upc.edu/pfc/bitstream/2099.1/16122/1/85121.pdf", "http://decsai.ugr.es/~castro/docto-csi/LER/p44.pdf", "http://www.mckinsey.com/insights/business_technology/big_data_the_next_frontier_for_innovation", "https://ai.vub.ac.be/sites/default/files/dataclustering.pdf", "https://www.ischool.utexas.edu/~dmaltby/Big_Data_Analytics.pdf", "https://web.archive.org/web/20150101224955/http://tecno.americaeconomia.com/noticias/visualizacion-avanzada-de-datos-la-belleza-del-big-data", "http://tecno.americaeconomia.com/noticias/visualizacion-avanzada-de-datos-la-belleza-del-big-data", "http://www.bbc.com/mundo/noticias-internacional-39511606", "http://www.oracle.com/us/products/applications/social-recruiting-automation-1891057.pdf", "http://theundercoverrecruiter.com/big-data-recruiters/", "http://mobileworldcapital.com/es/articulo/253", "http://www.technologyreview.es/read_artice.aspx?id=43072", "http://reference.mapinfo.com/software/anysite_segmentation/english/2_0_2/PersonicX_Binder.pdf", "http://www.claritas.com/claritas/pdf/articles/AD_New_Seg_Sys_Article.pdf", "http://www.smartblog.es/2013/01/el-historial-de-ubicaciones-de-android-que-sabe-google-de-tu-posicion/", "http://www.abc.es/tecnologia/redes/20140114/abci-google-nest-razones-compra-201401141714.html", "http://www.forbes.com/sites/parmyolson/2014/06/24/google-nest-smart-home-internet-of-things/", "http://wata.cc/up/2012/07/files/w-b6c9afb540.pdf#page=209", "http://www.eurosurveillance.org/ViewArticle.aspx?ArticleId=19386", "http://www.ieee.es/Galerias/fichero/docs_investig/DIEEEINV03-2013_Big_Data_Entornos_DefensaSeguridad_CarrilloRuiz.pdf", "http://www.computing.es/infraestructuras/noticias/1075853001801/bsc-microsoft-research-center-optimizaran.1.html", "http://www.cio.com/article/2683133/big-data/how-big-data-is-helping-to-save-the-planet.html?source=CIONLE_nlt_insider_2014-09-16#tk.rss_dataanalytics", "http://www.businessoftware.net/que-es-big-data/", "http://www.winshuttle.es/big-data-historia-cronologica/", "http://www.lomasnuevo.net/cloud/ibm-crea-una-universidad-gratuita-de-big-data/", "https://es.wikipedia.org/w/index.php?title=Big_data&oldid=102701984", "https://commons.wikimedia.org/wiki/Category:Big_data", "https://www.wikidata.org/wiki/Special:EntityPage/Q858810", "https://ar.wikipedia.org/wiki/%D8%A8%D9%8A%D8%A7%D9%86%D8%A7%D8%AA_%D8%B6%D8%AE%D9%85%D8%A9", "https://az.wikipedia.org/wiki/B%C3%B6y%C3%BCk_veril%C9%99nl%C9%99r_(Big_data)", "https://be.wikipedia.org/wiki/%D0%92%D1%8F%D0%BB%D1%96%D0%BA%D1%96%D1%8F_%D0%B4%D0%B0%D0%B4%D0%B7%D0%B5%D0%BD%D1%8B%D1%8F", "https://bs.wikipedia.org/wiki/Velika_koli%C4%8Dina_podataka", "https://ca.wikipedia.org/wiki/Dades_massives", "https://ckb.wikipedia.org/wiki/%D8%B2%D9%84_%D8%AF%D8%B1%D8%A7%D9%88%DB%95", "https://cs.wikipedia.org/wiki/Big_data", "https://da.wikipedia.org/wiki/Big_data", "https://de.wikipedia.org/wiki/Big_Data", "https://en.wikipedia.org/wiki/Big_data", "https://eu.wikipedia.org/wiki/Datu_handiak", "https://fa.wikipedia.org/wiki/%DA%A9%D9%84%D8%A7%D9%86%E2%80%8C%D8%AF%D8%A7%D8%AF%D9%87", "https://fi.wikipedia.org/wiki/Big_data", "https://fr.wikipedia.org/wiki/Big_data", "https://he.wikipedia.org/wiki/Big_data", "https://hi.wikipedia.org/wiki/%E0%A4%AC%E0%A5%83%E0%A4%B9%E0%A4%A4%E0%A5%8D_%E0%A4%86%E0%A4%81%E0%A4%95%E0%A4%A1%E0%A4%BC%E0%A4%BE", "https://hu.wikipedia.org/wiki/Big_data", "https://id.wikipedia.org/wiki/Big_data", "https://is.wikipedia.org/wiki/Gagnagn%C3%B3tt", "https://it.wikipedia.org/wiki/Big_data", "https://ja.wikipedia.org/wiki/%E3%83%93%E3%83%83%E3%82%B0%E3%83%87%E3%83%BC%E3%82%BF", "https://ko.wikipedia.org/wiki/%EB%B9%85_%EB%8D%B0%EC%9D%B4%ED%84%B0", "https://lt.wikipedia.org/wiki/Didieji_duomenys", "https://lv.wikipedia.org/wiki/Lielie_dati", "https://nl.wikipedia.org/wiki/Big_data", "https://no.wikipedia.org/wiki/Stordata", "https://pl.wikipedia.org/wiki/Big_data", "https://pt.wikipedia.org/wiki/Big_data", "https://ro.wikipedia.org/wiki/Big_data", "https://ru.wikipedia.org/wiki/%D0%91%D0%BE%D0%BB%D1%8C%D1%88%D0%B8%D0%B5_%D0%B4%D0%B0%D0%BD%D0%BD%D1%8B%D0%B5", "https://si.wikipedia.org/wiki/%E0%B7%80%E0%B7%92%E0%B7%83%E0%B6%BD%E0%B7%8A_%E0%B6%AF%E0%B6%AD%E0%B7%8A%E0%B6%AD_%E0%B6%9A%E0%B6%A7%E0%B7%8A%E0%B6%A7%E0%B6%BD", "https://simple.wikipedia.org/wiki/Big_data", "https://sr.wikipedia.org/wiki/Big_data", "https://sv.wikipedia.org/wiki/Big_data", "https://ta.wikipedia.org/wiki/%E0%AE%AA%E0%AF%86%E0%AE%B0%E0%AF%81%E0%AE%A8%E0%AF%8D%E0%AE%A4%E0%AE%B0%E0%AE%B5%E0%AF%81%E0%AE%95%E0%AE%B3%E0%AF%8D", "https://te.wikipedia.org/wiki/%E0%B0%AC%E0%B0%BF%E0%B0%97%E0%B1%8D_%E0%B0%A1%E0%B1%87%E0%B0%9F%E0%B0%BE", "https://th.wikipedia.org/wiki/%E0%B8%82%E0%B9%89%E0%B8%AD%E0%B8%A1%E0%B8%B9%E0%B8%A5%E0%B8%82%E0%B8%99%E0%B8%B2%E0%B8%94%E0%B9%83%E0%B8%AB%E0%B8%8D%E0%B9%88", "https://tr.wikipedia.org/wiki/B%C3%BCy%C3%BCk_veri", "https://tt.wikipedia.org/wiki/Big_data", "https://uk.wikipedia.org/wiki/%D0%92%D0%B5%D0%BB%D0%B8%D0%BA%D1%96_%D0%B4%D0%B0%D0%BD%D1%96", "https://uz.wikipedia.org/wiki/Katta_hajmli_ma%CA%BClumot", "https://vi.wikipedia.org/wiki/D%E1%BB%AF_li%E1%BB%87u_l%E1%BB%9Bn", "https://zh.wikipedia.org/wiki/%E5%A4%A7%E6%95%B8%E6%93%9A", "https://www.wikidata.org/wiki/Special:EntityPage/Q858810#sitelinks-wikipedia", "http://creativecommons.org/licenses/by-sa/3.0/", "https://meta.wikimedia.org/wiki/Privacy_policy/es", "https://www.mediawiki.org/wiki/Special:MyLanguage/How_to_contribute", "https://wikimediafoundation.org/wiki/Cookie_statement/es", "https://wikimediafoundation.org/"]}, "https://www.gartner.com/newsroom/id/1731916": {"palabras": "", "ranking": "1", "ruta": "pags_html/pag_1731916.html", "enlaces": ["https://www.gartner.com/user/registration/client", "https://www.gartner.com/login/loginInitAction.do?method=initialize&login=mkhdr", "https://twitter.com/share", "http://www.gartner.com/patternbasedstrategy", "http://my.gartner.com/portal/server.pt?open=512&objID=202&mode=2&PageID=5553&resId=1727219&ref=Webinar-Calendar", "https://jobs.gartner.com/?utm_source=gartner.com&utm_medium=referral", "https://www.gartner.com/technology/contact/contact_gartner.jsp", "https://www.gartner.com/it-glossary/", "https://www.gartner.com/newsroom/", "https://www.gartner.com/reviews/home", "https://www.gartner.com/technology/about/policies/guidelines_ov.jsp", "https://www.gartner.com/privacy/", "https://www.gartner.com/technology/site-index.jsp", "https://www.gartner.com/technology/webinars/", "https://www.gartner.com"]}, "http://www.bbc.com/mundo/noticias-internacional-39511606": {"palabras": "", "ranking": "1", "ruta": "pags_html/pag_noticias-internacional-39511606.html", "enlaces": ["https://account.bbc.com/account?lang=es-005&ptrt=http%3A%2F%2Fwww.bbc.com%2Fmundo%2Fnoticias-internacional-39511606", "http://www.bbc.com/news/", "https://search.bbc.co.uk/search?scope=mundo", "http://www.bbc.com/mundo/noticias-internacional-39511606", "http://www.bbc.com/mundo/noticias-38753422", "http://www.bbc.com/mundo/noticias-39431051", "http://www.bbc.com/mundo/noticias/2015/11/151105_finde_tecnologia_facebook_sabe_sobre_ti_ac", "http://www.bbc.com/mundo/noticias-36797839", "http://www.bbc.com/mundo/noticias/2015/02/150213_vert_fut_metadata_telefono_privacidad_yv", "http://www.bbc.com/mundo/noticias/2016/05/160525_tecnologia_modo_privado_busqueda_no_es_incognito_yv", "http://www.bbc.com/mundo/noticias-internacional-37946548", "http://www.bbc.com/mundo/noticias-internacional-39210285", "http://www.facebook.com/dialog/feed?app_id=58567469885&redirect_uri=http%3A%2F%2Fwww.bbc.com%2Fmundo%2Fnoticias-internacional-39511606&link=http%3A%2F%2Fwww.bbc.com%2Fmundo%2Fnoticias-internacional-39511606%3FSThisFB&display=popup", "http://www.facebook.com/dialog/send?app_id=58567469885&redirect_uri=http%3A%2F%2Fwww.bbc.com%2Fmundo%2Fnoticias-internacional-39511606&link=http%3A%2F%2Fwww.bbc.com%2Fmundo%2Fnoticias-internacional-39511606%3FSThisFB&display=popup", "https://twitter.com/intent/tweet?text=BBC%20Mundo%20-%20Martin%20Hilbert%2C%20gur%C3%BA%20del%20Big%20Data%3A%20%22La%20democracia%20no%20est%C3%A1%20preparada%20para%20la%20era%20digital%20y%20est%C3%A1%20siendo%20destruida%22&url=http%3A%2F%2Fwww.bbc.com%2Fmundo%2Fnoticias-internacional-39511606", "https://plus.google.com/share?url=http%3A%2F%2Fwww.bbc.com%2Fmundo%2Fnoticias-internacional-39511606&hl=es-419", "http://meneame.net/submit.php?url=http%3A%2F%2Fwww.bbc.com%2Fmundo%2Fnoticias-internacional-39511606&title=BBCMundo.com%20-%20Martin%20Hilbert%2C%20gur%C3%BA%20del%20Big%20Data%3A%20%22La%20democracia%20no%20est%C3%A1%20preparada%20para%20la%20era%20digital%20y%20est%C3%A1%20siendo%20destruida%22", "https://www.linkedin.com/shareArticle?mini=true&url=http%3A%2F%2Fwww.bbc.com%2Fmundo%2Fnoticias-internacional-39511606&title=Martin%20Hilbert%2C%20gur%C3%BA%20del%20Big%20Data%3A%20%22La%20democracia%20no%20est%C3%A1%20preparada%20para%20la%20era%20digital%20y%20est%C3%A1%20siendo%20destruida%22&summary=En%20una%20entrevista%20con%20BBC%20Mundo%2C%20el%20experto%20alem%C3%A1n%20en%20informaci%C3%B3n%20digital%20sostiene%20que%20la%20cantidad%20de%20datos%20que%20generamos%20a%20cada%20instante%20nos%20deja%20cada%20vez%20m%C3%A1s%20expuestos%20y%20predecibles%2C%20y%20plantea%20un%20panorama%20inquietante.&source=BBC", "http://www.bbc.com/mundo/noticias/2015/11/151105_finde_tecnologia_facebook_sabe_sobre_ti_ac", "http://www.bbc.com/mundo/noticias/2015/02/150213_vert_fut_metadata_telefono_privacidad_yv", "http://www.bbc.com/mundo/noticias/2016/05/160525_tecnologia_modo_privado_busqueda_no_es_incognito_yv", "http://www.bbc.com/news/", "http://www.bbc.co.uk/privacy/cookies/managing/cookie-settings.html"]}, "https://gigaom.com/2008/11/09/mapreduce-leads-the-way-for-parallel-programming/": {"palabras": "", "ranking": "1", "ruta": "pags_html/pag_.html", "enlaces": ["https://gigaom.com", "https://twitter.com/Gigaom", "https://www.facebook.com/Gigaom/", "https://www.linkedin.com/company/Gigaom", "https://gigaom.com/contact/", "https://gigaom.com/subscription/sign-in/?redirect_to=https%3A%2F%2Fgigaom.com%2F2008%2F11%2F09%2Fmapreduce-leads-the-way-for-parallel-programming%2F", "https://gigaom.com/subscriptions/", "https://gigaom.com/publishers-corner/", "https://gigaom.com/subscriptions/", "http://", "https://gigaom.com/2008/11/09/mapreduce-leads-the-way-for-parallel-programming/#comments", "https://twitter.com/intent/tweet?counturl=https%3A%2F%2Fgigaom.com%2F2008%2F11%2F09%2Fmapreduce-leads-the-way-for-parallel-programming%2F&text=Parallel+Programming+in+the+Age+of+Big+Data&url=https%3A%2F%2Fgigaom.com%2F2008%2F11%2F09%2Fmapreduce-leads-the-way-for-parallel-programming%2F&via=Gigaom", "https://www.facebook.com/sharer/sharer.php?text=Parallel+Programming+in+the+Age+of+Big+Data&u=https%3A%2F%2Fgigaom.com%2F2008%2F11%2F09%2Fmapreduce-leads-the-way-for-parallel-programming%2F", "http://www.linkedin.com/shareArticle?mini=true&source=Gigaom&summary=&title=Parallel+Programming+in+the+Age+of+Big+Data&url=https%3A%2F%2Fgigaom.com%2F2008%2F11%2F09%2Fmapreduce-leads-the-way-for-parallel-programming%2F", "http://en.wikipedia.org/wiki/MapReduce", "http://www.youtube.com/watch?v=mVXpvsdeuKU", "http://www.greenplum.com/resources/MapReduce/", "http://www.asterdata.com/product/mapreduce.php", "http://mirror.facebook.com/facebook/hive/hadoop-0.17/", "http://databeta.wordpress.com/", "http://www.greenplum.com/resources/papers/parallel-computing-future/", "http://www.greenplum.com/resources/mapreduce/", "https://gigaom.com/tag/mapreduce/", "https://gigaom.com/tag/moores-law/", "https://gigaom.com/tag/parallel-computing/", "https://gigaom.com/tag/sql/", "https://gigaom.com/2015/02/17/how-twitter-processes-tons-of-mobile-application-data-each-day/", "https://gigaom.com/2013/03/28/google-donates-patents-to-protect-cloud-software-from-lawsuits/", "https://gigaom.com/2012/07/11/step-aside-transistor-its-the-vacuum-tubes-turn-to-shine-again/", "https://gigaom.com/2012/03/03/hadoop-jumps-through-hoops-becomes-mainstream/", "https://gigaom.com/2008/11/09/mapreduce-leads-the-way-for-parallel-programming/#comments", "http://www.coordguru.com", "https://gigaom.com/2008/11/09/mapreduce-leads-the-way-for-parallel-programming/#comment-151976", "http://www.coordguru.com", "https://gigaom.com/2008/11/09/mapreduce-leads-the-way-for-parallel-programming/#comment-151967", "http://control.cs.berkeley.edu", "http://telegraph.cs.berkeley.edu", "http://tagschema.com", "https://gigaom.com/2008/11/09/mapreduce-leads-the-way-for-parallel-programming/#comment-151965", "http://db.cs.berkeley.edu/jmh", "https://gigaom.com/2008/11/09/mapreduce-leads-the-way-for-parallel-programming/#comment-151963", "https://trac.declarativity.net", "https://gigaom.com/2008/11/09/mapreduce-leads-the-way-for-parallel-programming/#comment-151962", "https://gigaom.com/2008/11/09/mapreduce-leads-the-way-for-parallel-programming/#comment-151961", "http://www.dbms2.com", "http://s2.wordpress.com/wp-content/themes/vip/gigaom3.5/images/buttons/comment.gif", "https://gigaom.com/2008/11/09/mapreduce-leads-the-way-for-parallel-programming/#comment-151960", "https://gigaom.com/2008/11/09/mapreduce-leads-the-way-for-parallel-programming/#comment-151959", "https://gigaom.com/2008/11/09/mapreduce-leads-the-way-for-parallel-programming/#comment-151958", "http://msdn.microsoft.com/en-us/library/bb648752.aspx", "http://en.wikipedia.org/wiki/Windows_Workflow_Foundation", "https://gigaom.com/publishers-corner/", "https://gigaom.com", "https://gigaom.com/content/resource-center/", "https://twitter.com/Gigaom", "https://www.facebook.com/Gigaom", "https://www.linkedin.com/company/gigaom", "https://www.knowingly.com/"]}, "http://sedici.unlp.edu.ar/handle/10915/27121": {"palabras": "", "ranking": "1", "ruta": "pags_html/pag_27121.html", "enlaces": ["http://www.facebook.com/sedici.unlp", "https://twitter.com/sedici_unlp", "http://sedici.unlp.edu.ar/blog", "https://www.mendeley.com/import/?url=http%3A%2F%2Fsedici.unlp.edu.ar%2Fhandle%2F10915%2F27121", "https://www.researchgate.net/go.Share.html?url=http%3A%2F%2Fsedici.unlp.edu.ar%2Fhandle%2F10915%2F27121&title=Bases+de+datos+NoSQL+en+cloud+computing", "http://www.base-search.net/Search/Results?q=tit%3ABases+de+datos+NoSQL+en+cloud+computing+dccoll%3Aftunivlaplata&lem=1&type=all&refid=dclink&l=es", "http://scholar.google.com/scholar?q=allintitle%3A\"Bases+de+datos+NoSQL+en+cloud+computing\"", "http://hdl.handle.net/10915/27121", "http://creativecommons.org/licenses/by-nc-sa/2.5/ar/", "http://prebi.unlp.edu.ar/", "http://sedici.unlp.edu.ar/", "http://www.unlp.edu.ar", "http://www.dspace.org"]}}